ID,Username,Password,Department,Enrollments,Completions,Role
EMP001,Amber Flynn,password001,Software Engineer,15,8,user
EMP002,Kimberly Aguilar,password002,Senior Software Engineer,20,13,user
EMP003,Mary Sandoval,password003,Senior Software Engineer,2,0,user
EMP004,Morgan Lloyd,password004,Senior Software Engineer,28,21,user
EMP005,Joseph Willis,password005,Solution Consultant,1,0,user
EMP006,Kimberly Patel,password006,Solution Consultant,22,15,user
EMP007,Lauren Green,password007,Solution Consultant,28,21,user
EMP008,James Bean,password008,Software Engineer,15,8,user
EMP009,Allison Black,password009,Solution Consultant,28,21,user
EMP010,Patrick Sanchez,password010,Solution Consultant,27,20,user
EMP011,Susan Freeman,password011,Solution Consultant,9,2,user
EMP012,Michelle Lopez,password012,Solution Enabler,13,6,user
EMP013,Joseph Williams,password013,Senior Software Engineer,14,7,user
EMP014,William Jackson,password014,Solution Enabler,2,0,user
EMP015,Edgar Francis,password015,Solution Consultant,16,9,user
EMP016,Michael Miller,password016,Software Engineer,25,18,user
EMP017,Peter Brown Jr.,password017,Senior Software Engineer,10,3,user
EMP018,Melissa Campbell,password018,Software Engineer,12,5,user
EMP019,Phillip Sullivan,password019,Senior Software Engineer,13,6,user
EMP020,Heather Miller,password020,Solution Consultant,2,0,user
EMP021,Felicia Brown,password021,Solution Consultant,21,14,user
EMP022,James Luna,password022,Solution Consultant,16,9,user
EMP023,Patrick Garcia,password023,Senior Software Engineer,6,0,user
EMP024,Justin Jackson,password024,Solution Enabler,28,21,user
EMP025,Bill Walker,password025,Senior Software Engineer,8,1,user
EMP026,Angela Evans,password026,Solution Enabler,6,0,user
EMP027,Megan Brown,password027,Solution Enabler,5,0,user
EMP028,Luis Wright,password028,Solution Enabler,16,9,user
EMP029,Natasha Harper,password029,Software Engineer,22,15,user
EMP030,Jenny Brown,password030,Solution Enabler,5,0,user
EMP031,David Parker,password031,Senior Software Engineer,9,2,user
EMP032,Bryan Smith,password032,Software Engineer,2,0,user
EMP033,Larry Lane,password033,Solution Consultant,15,8,user
EMP034,Michael Parsons,password034,Software Engineer,13,6,user
EMP035,John Horton,password035,Senior Software Engineer,13,6,user
EMP036,Daniel Soto,password036,Software Engineer,29,22,user
EMP037,Joseph Chandler,password037,Solution Consultant,29,22,user
EMP038,Jennifer Flores,password038,Senior Software Engineer,6,0,user
EMP039,Cindy Mason,password039,Senior Software Engineer,28,21,user
EMP040,Cathy Jackson,password040,Senior Software Engineer,2,0,user
EMP041,Cheryl Smith,password041,Software Engineer,25,18,user
EMP042,Jeffrey Hernandez,password042,Senior Software Engineer,18,11,user
EMP043,Bonnie Grant,password043,Solution Consultant,24,17,user
EMP044,Gregory Gonzalez,password044,Senior Software Engineer,13,6,user
EMP045,Christina Mendoza,password045,Solution Enabler,4,0,user
EMP046,James Olsen,password046,Solution Enabler,22,15,user
EMP047,Peter Wright,password047,Software Engineer,29,22,user
EMP048,Fernando Martin,password048,Solution Enabler,12,5,user
EMP049,Rachel Reyes,password049,Senior Software Engineer,29,22,user
EMP050,Patricia Ruiz,password050,Solution Consultant,14,7,user
EMP051,Fernando Edwards,password051,Solution Enabler,3,0,user
EMP052,Alexandra Nguyen,password052,Solution Enabler,19,12,user
EMP053,April Morris,password053,Senior Software Engineer,9,2,user
EMP054,Christopher Williams,password054,Software Engineer,7,0,user
EMP055,Erin Carlson,password055,Software Engineer,7,0,user
EMP056,Kimberly Schneider,password056,Solution Consultant,20,13,user
EMP057,Leslie Davis,password057,Solution Consultant,22,15,user
EMP058,Bradley Page,password058,Solution Consultant,2,0,user
EMP059,Kristen Evans,password059,Solution Enabler,8,1,user
EMP060,Nicole Fitzgerald,password060,Senior Software Engineer,19,12,user
EMP061,Christopher Taylor,password061,Software Engineer,6,0,user
EMP062,Adam George,password062,Solution Consultant,12,5,user
EMP063,Gerald Turner,password063,Senior Software Engineer,20,13,user
EMP064,Troy Walker,password064,Software Engineer,14,7,user
EMP065,Phillip Ellis,password065,Solution Enabler,22,15,user
EMP066,Jeremy Acevedo,password066,Software Engineer,15,8,user
EMP067,Douglas Wright DDS,password067,Solution Consultant,10,3,user
EMP068,Brenda Sloan,password068,Solution Consultant,6,0,user
EMP069,Gregory Francis,password069,Solution Consultant,15,8,user
EMP070,Tiffany Edwards,password070,Solution Enabler,30,23,user
EMP071,Timothy Martinez,password071,Solution Consultant,30,23,user
EMP072,Courtney Richards,password072,Software Engineer,6,0,user
EMP073,Nicole Martin,password073,Solution Consultant,23,16,user
EMP074,Mrs. Julia Williams,password074,Senior Software Engineer,4,0,user
EMP075,Michelle Chapman,password075,Solution Consultant,2,0,user
EMP076,Adrian Flowers,password076,Software Engineer,28,21,user
EMP077,Max Blair,password077,Solution Enabler,18,11,user
EMP078,Michelle Armstrong,password078,Solution Consultant,23,16,user
EMP079,Roger Montgomery,password079,Solution Enabler,17,10,user
EMP080,Shannon Patel,password080,Solution Enabler,23,16,user
EMP081,Emily Collins,password081,Software Engineer,6,0,user
EMP082,Kelli Lee,password082,Senior Software Engineer,2,0,user
EMP083,Amy Nelson,password083,Solution Consultant,12,5,user
EMP084,Erika Dixon,password084,Senior Software Engineer,8,1,user
EMP085,Michaela Swanson,password085,Solution Consultant,7,0,user
EMP086,William Pearson,password086,Software Engineer,24,17,user
EMP087,Jason Hill,password087,Software Engineer,11,4,user
EMP088,Mrs. Rachel Clark,password088,Software Engineer,22,15,user
EMP089,Jean Davis,password089,Solution Enabler,15,8,user
EMP090,Erica Reilly,password090,Solution Enabler,26,19,user
EMP091,Lisa Kidd,password091,Software Engineer,1,0,user
EMP092,Joshua Garza,password092,Software Engineer,26,19,user
EMP093,Megan Morgan,password093,Solution Enabler,18,11,user
EMP094,Elizabeth Dennis,password094,Solution Consultant,13,6,user
EMP095,Eric Santos,password095,Solution Enabler,15,8,user
EMP096,Tony Ramirez,password096,Senior Software Engineer,4,0,user
EMP097,Steven Andersen,password097,Software Engineer,20,13,user
EMP098,Jessica Crosby,password098,Senior Software Engineer,25,18,user
EMP099,Susan Davis,password099,Solution Consultant,27,20,user
EMP100,Bryan Nguyen,password100,Senior Software Engineer,23,16,user
EMP101,Carl Reynolds,password101,Solution Consultant,24,17,user
EMP102,Andrea Clay,password102,Solution Consultant,5,0,user
EMP103,Judith Townsend,password103,Solution Consultant,11,4,user
EMP104,Tammy Parker,password104,Solution Consultant,19,12,user
EMP105,Heather Chapman,password105,Solution Enabler,3,0,user
EMP106,Helen Taylor,password106,Solution Consultant,28,21,user
EMP107,Jennifer Lewis,password107,Software Engineer,8,1,user
EMP108,Mark Green,password108,Solution Consultant,11,4,user
EMP109,Amanda Jones,password109,Senior Software Engineer,19,12,user
EMP110,Kristina Farmer,password110,Solution Enabler,5,0,user
EMP111,Brandon Cantu,password111,Solution Consultant,21,14,user
EMP112,Scott Long,password112,Senior Software Engineer,27,20,user
EMP113,Natalie Mcpherson MD,password113,Senior Software Engineer,3,0,user
EMP114,Peggy Walker,password114,Solution Consultant,7,0,user
EMP115,Philip Hubbard,password115,Software Engineer,2,0,user
EMP116,Monica Rivera,password116,Software Engineer,23,16,user
EMP117,Kayla Goodman,password117,Solution Enabler,26,19,user
EMP118,Kelly Yates,password118,Software Engineer,10,3,user
EMP119,Brandon Hawkins,password119,Software Engineer,22,15,user
EMP120,Rachael Gomez,password120,Solution Enabler,8,1,user
EMP121,Robert Pruitt,password121,Solution Consultant,2,0,user
EMP122,Scott Young,password122,Senior Software Engineer,19,12,user
EMP123,Kendra Wilcox,password123,Software Engineer,6,0,user
EMP124,Joshua Robinson,password124,Senior Software Engineer,20,13,user
EMP125,James Rodriguez,password125,Solution Enabler,8,1,user
EMP126,Catherine Moses,password126,Solution Consultant,10,3,user
EMP127,Zachary Padilla,password127,Solution Enabler,9,2,user
EMP128,Sean Campbell,password128,Solution Enabler,15,8,user
EMP129,Heather Green,password129,Software Engineer,12,5,user
EMP130,Joann Howard,password130,Senior Software Engineer,23,16,user
EMP131,Patricia Richards,password131,Solution Consultant,7,0,user
EMP132,David Mcdowell,password132,Software Engineer,22,15,user
EMP133,Robert Gould,password133,Senior Software Engineer,27,20,user
EMP134,Pamela Dunn,password134,Solution Consultant,5,0,user
EMP135,Scott Baker,password135,Solution Consultant,5,0,user
EMP136,Patrick Andrews,password136,Solution Consultant,29,22,user
EMP137,Charles Sullivan,password137,Solution Consultant,12,5,user
EMP138,Richard Blake,password138,Senior Software Engineer,27,20,user
EMP139,Sarah Perry,password139,Software Engineer,11,4,user
EMP140,Robert Perez,password140,Solution Enabler,6,0,user
EMP141,Charles Black,password141,Software Engineer,17,10,user
EMP142,Elizabeth King,password142,Solution Consultant,3,0,user
EMP143,Joseph Moore,password143,Senior Software Engineer,25,18,user
EMP144,Stephanie Hart,password144,Solution Enabler,5,0,user
EMP145,Vanessa Hughes,password145,Solution Consultant,14,7,user
EMP146,Isaac Williams,password146,Software Engineer,22,15,user
EMP147,Melissa Gutierrez,password147,Senior Software Engineer,3,0,user
EMP148,Daniel Thompson,password148,Solution Enabler,14,7,user
EMP149,Julia Barry,password149,Senior Software Engineer,16,9,user
EMP150,David Wright,password150,Software Engineer,13,6,user
EMP151,Tina Schultz,password151,Senior Software Engineer,2,0,user
EMP152,Barbara Anderson,password152,Solution Enabler,16,9,user
EMP153,Laura Osborne,password153,Solution Enabler,3,0,user
EMP154,Gregory Hardin,password154,Solution Enabler,10,3,user
EMP155,Allison Mcdonald,password155,Software Engineer,2,0,user
EMP156,Sara Harvey,password156,Solution Enabler,20,13,user
EMP157,Douglas Neal,password157,Solution Consultant,9,2,user
EMP158,Sarah Hicks,password158,Solution Consultant,14,7,user
EMP159,Gregory Schultz,password159,Software Engineer,6,0,user
EMP160,William Parker,password160,Senior Software Engineer,11,4,user
EMP161,Richard Woods,password161,Solution Consultant,16,9,user
EMP162,Keith Thomas,password162,Solution Consultant,11,4,user
EMP163,Tanya Gould,password163,Senior Software Engineer,27,20,user
EMP164,Michael Hernandez,password164,Senior Software Engineer,6,0,user
EMP165,Melissa Franco,password165,Software Engineer,10,3,user
EMP166,Cindy Bullock,password166,Senior Software Engineer,21,14,user
EMP167,Michael Wolfe,password167,Solution Enabler,17,10,user
EMP168,Daisy Simon,password168,Solution Enabler,3,0,user
EMP169,James Johnson,password169,Solution Enabler,23,16,user
EMP170,Todd Lewis,password170,Software Engineer,9,2,user
EMP171,Elaine Sanchez,password171,Software Engineer,1,0,user
EMP172,Laura Ford,password172,Software Engineer,27,20,user
EMP173,Joyce Lane,password173,Software Engineer,18,11,user
EMP174,Michael Lee,password174,Senior Software Engineer,6,0,user
EMP175,Juan Edwards,password175,Senior Software Engineer,13,6,user
EMP176,Kevin Garcia,password176,Senior Software Engineer,18,11,user
EMP177,Maria Hansen,password177,Software Engineer,13,6,user
EMP178,Kelly Willis,password178,Senior Software Engineer,7,0,user
EMP179,Katherine Baird,password179,Solution Consultant,15,8,user
EMP180,Terri Thompson,password180,Solution Consultant,12,5,user
EMP181,Connor Fowler,password181,Solution Consultant,20,13,user
EMP182,Mark Austin,password182,Solution Enabler,2,0,user
EMP183,Cassandra Sutton,password183,Software Engineer,16,9,user
EMP184,Katherine Hernandez,password184,Solution Consultant,13,6,user
EMP185,Christopher Porter,password185,Software Engineer,2,0,user
EMP186,Cheryl Wilson,password186,Software Engineer,3,0,user
EMP187,Kelsey Parker,password187,Senior Software Engineer,14,7,user
EMP188,Luke Wells,password188,Senior Software Engineer,11,4,user
EMP189,Rebecca Phillips,password189,Senior Software Engineer,12,5,user
EMP190,Rita George,password190,Solution Enabler,25,18,user
EMP191,Lauren Greer,password191,Software Engineer,2,0,user
EMP192,Lisa Gordon,password192,Software Engineer,20,13,user
EMP193,James Wright,password193,Solution Enabler,11,4,user
EMP194,Donald Mcguire,password194,Solution Enabler,22,15,user
EMP195,Jamie Rodriguez,password195,Software Engineer,12,5,user
EMP196,Maria Sexton,password196,Solution Consultant,15,8,user
EMP197,Edgar Dominguez,password197,Senior Software Engineer,1,0,user
EMP198,Krystal Griffith,password198,Software Engineer,26,19,user
EMP199,Richard Kim,password199,Software Engineer,30,23,user
EMP200,Amber Frazier,password200,Senior Software Engineer,12,5,user
EMP201,Kevin Martinez,password201,Software Engineer,22,15,user
EMP202,Aaron Anderson,password202,Solution Consultant,29,22,user
EMP203,Christopher Gonzalez,password203,Software Engineer,24,17,user
EMP204,Robert Ortiz,password204,Software Engineer,9,2,user
EMP205,Amy Lynch,password205,Software Engineer,22,15,user
EMP206,Daniel Rodriguez,password206,Software Engineer,26,19,user
EMP207,Roger Rivera,password207,Solution Consultant,20,13,user
EMP208,Meghan Shaffer,password208,Solution Enabler,29,22,user
EMP209,Krista Walker,password209,Senior Software Engineer,21,14,user
EMP210,Tanner Wright,password210,Solution Enabler,25,18,user
EMP211,Jordan Pineda,password211,Software Engineer,9,2,user
EMP212,Joseph Vance,password212,Solution Enabler,9,2,user
EMP213,Tracey Henson,password213,Senior Software Engineer,14,7,user
EMP214,Tara Scott,password214,Software Engineer,24,17,user
EMP215,Bradley Lin,password215,Solution Enabler,13,6,user
EMP216,Regina Lopez,password216,Solution Enabler,3,0,user
EMP217,Matthew Smith,password217,Solution Enabler,18,11,user
EMP218,Russell Coleman,password218,Software Engineer,10,3,user
EMP219,Bradley Cabrera,password219,Senior Software Engineer,30,23,user
EMP220,Jonathan Petersen,password220,Solution Consultant,5,0,user
EMP221,Arthur Johnson,password221,Solution Enabler,25,18,user
EMP222,Jacob Maldonado,password222,Solution Enabler,22,15,user
EMP223,Alexandra Holloway,password223,Solution Consultant,19,12,user
EMP224,Zachary Schwartz,password224,Software Engineer,18,11,user
EMP225,Teresa Andrews MD,password225,Senior Software Engineer,29,22,user
EMP226,Kathleen Lynch,password226,Senior Software Engineer,1,0,user
EMP227,Paul Ballard,password227,Software Engineer,1,0,user
EMP228,Danielle Horne,password228,Solution Enabler,24,17,user
EMP229,Nathan Warren MD,password229,Software Engineer,2,0,user
EMP230,Rebecca Barry,password230,Software Engineer,9,2,user
EMP231,Sarah Morris,password231,Solution Enabler,25,18,user
EMP232,Timothy Cole,password232,Solution Enabler,20,13,user
EMP233,Emily Hill,password233,Solution Consultant,29,22,user
EMP234,David Fisher,password234,Senior Software Engineer,8,1,user
EMP235,Bonnie Morgan,password235,Senior Software Engineer,6,0,user
EMP236,Diane Peterson,password236,Senior Software Engineer,12,5,user
EMP237,Amy Hendricks,password237,Solution Enabler,15,8,user
EMP238,Chelsea Ramirez,password238,Software Engineer,25,18,user
EMP239,Nicole Salinas,password239,Solution Enabler,15,8,user
EMP240,Suzanne Wright,password240,Solution Enabler,20,13,user
EMP241,Samantha Banks,password241,Senior Software Engineer,5,0,user
EMP242,Russell Turner,password242,Software Engineer,24,17,user
EMP243,Sergio Taylor,password243,Solution Enabler,16,9,user
EMP244,William Harris,password244,Software Engineer,18,11,user
EMP245,Kara Gonzalez,password245,Solution Enabler,12,5,user
EMP246,Cindy Bauer,password246,Senior Software Engineer,28,21,user
EMP247,Paige Green,password247,Senior Software Engineer,25,18,user
EMP248,Megan Doyle,password248,Senior Software Engineer,29,22,user
EMP249,Mary Thompson,password249,Software Engineer,19,12,user
EMP250,Gina Williams,password250,Solution Enabler,22,15,user
EMP251,Samantha Cohen,password251,Software Engineer,30,23,user
EMP252,William Thompson,password252,Solution Enabler,25,18,user
EMP253,Amy Sherman,password253,Senior Software Engineer,2,0,user
EMP254,Wyatt Graves,password254,Software Engineer,13,6,user
EMP255,Alexa Greer,password255,Software Engineer,9,2,user
EMP256,Pamela Li,password256,Solution Consultant,21,14,user
EMP257,Mikayla Wright MD,password257,Solution Consultant,27,20,user
EMP258,Mary Austin,password258,Solution Enabler,7,0,user
EMP259,Michael Bailey,password259,Solution Enabler,20,13,user
EMP260,Victoria Moore,password260,Solution Consultant,22,15,user
EMP261,James Brewer,password261,Software Engineer,29,22,user
EMP262,Craig Duncan,password262,Software Engineer,26,19,user
EMP263,Larry Curtis,password263,Software Engineer,20,13,user
EMP264,Tom Singh,password264,Solution Consultant,27,20,user
EMP265,Scott Morris,password265,Software Engineer,16,9,user
EMP266,Brenda Brown,password266,Software Engineer,21,14,user
EMP267,Ronald Brewer MD,password267,Senior Software Engineer,16,9,user
EMP268,Jerry James,password268,Senior Software Engineer,10,3,user
EMP269,Jillian Martinez,password269,Solution Consultant,10,3,user
EMP270,Martin Phillips,password270,Solution Enabler,8,1,user
EMP271,Christopher Hays,password271,Senior Software Engineer,16,9,user
EMP272,Ashley Friedman MD,password272,Senior Software Engineer,22,15,user
EMP273,Beverly Meza,password273,Solution Consultant,21,14,user
EMP274,Kimberly Rodriguez,password274,Senior Software Engineer,23,16,user
EMP275,Jason Serrano,password275,Senior Software Engineer,8,1,user
EMP276,Maxwell Oliver,password276,Solution Enabler,8,1,user
EMP277,Mary Cohen MD,password277,Senior Software Engineer,17,10,user
EMP278,Meredith Clark,password278,Solution Enabler,22,15,user
EMP279,Jackie Bell,password279,Software Engineer,6,0,user
EMP280,Sara Mcmahon,password280,Senior Software Engineer,16,9,user
EMP281,Alex Buchanan,password281,Solution Consultant,23,16,user
EMP282,Elizabeth Jackson,password282,Software Engineer,4,0,user
EMP283,Timothy Campbell,password283,Solution Enabler,15,8,user
EMP284,Christopher Castillo,password284,Solution Consultant,1,0,user
EMP285,Kimberly Smith,password285,Solution Enabler,15,8,user
EMP286,Adam Sosa,password286,Software Engineer,1,0,user
EMP287,Marilyn Greer,password287,Solution Consultant,5,0,user
EMP288,Ashley Smith,password288,Software Engineer,23,16,user
EMP289,Timothy Terry,password289,Solution Consultant,16,9,user
EMP290,Marie Brown,password290,Senior Software Engineer,26,19,user
EMP291,Chelsea Hess,password291,Solution Enabler,17,10,user
EMP292,Corey Watson,password292,Senior Software Engineer,2,0,user
EMP293,Jay Williams,password293,Solution Consultant,20,13,user
EMP294,Sarah Henry,password294,Solution Consultant,24,17,user
EMP295,Russell Mcgee,password295,Software Engineer,1,0,user
EMP296,Anthony Beltran,password296,Software Engineer,9,2,user
EMP297,James Smith,password297,Senior Software Engineer,26,19,user
EMP298,Amy Johnson,password298,Solution Enabler,23,16,user
EMP299,Kevin Watkins,password299,Solution Consultant,19,12,user
EMP300,Richard Lowery,password300,Solution Consultant,3,0,user
